<?xml version="1.0" encoding="UTF-8" standalone="yes" ?>
<appProperties xmlns="http://schemas.mathworks.com/matlab/app/2012/appProperties" signature="AE3687DE8E1D2F941D15103B47854ADF8FDD8BB3">

  <entryPoint>UnitConverter</entryPoint>

  <name>Unit Converter</name>

  <version>1.0</version>

  <createdByMATLABRelease>(R2020a)</createdByMATLABRelease>

  <GUID>fa842e2e-7854-41bc-be92-e80b9c4f03d5</GUID>

  <summary>Unit Converter GUI</summary>

  <description>Individual Project</description>

  <author>
    <name>Nguyen Quoc Hoang</name>
    <contact>s3697305@rmit.edu.vn</contact>
    <organization>RMIT University</organization>
  </author>

  <supportedPlatforms/>

  <requiredProducts/>

  <numFiles>3</numFiles>

  <created>2020-09-03T17:21:48Z</created>

  <appEntries>
    <appFile>/convertUnits.m</appFile>
    <appFile>/UnitConverter.mlapp</appFile>
    <appFile>/setUnitItems.m</appFile>
  </appEntries>

</appProperties>
