<?xml version="1.0" encoding="UTF-8" standalone="yes" ?><cp:coreProperties xmlns:cp="http://schemas.openxmlformats.org/package/2006/metadata/core-properties" xmlns:dc="http://purl.org/dc/elements/1.1/" xmlns:dcmitype="http://purl.org/dc/dcmitype/" xmlns:dcterms="http://purl.org/dc/terms/" xmlns:xsi="http://www.w3.org/2001/XMLSchema-instance"><dcterms:created xsi:type="dcterms:W3CDTF">2020-09-03T17:21:48Z</dcterms:created><dc:creator>Nguyen Quoc Hoang</dc:creator><dc:description>Individual Project</dc:description><dc:title>Unit Converter</dc:title><cp:version>1.0</cp:version></cp:coreProperties>